"Status","Start Time","Stop Time","Duration in ms","Parent Suite","Suite","Sub Suite","Test Class","Test Method","Name","Description"
"passed","Tue Oct 11 13:28:59 CEST 2022","Tue Oct 11 13:28:59 CEST 2022","1","","Create password page: Setting password, unhappy path","","Create password page: Setting password, unhappy path","","",""
"passed","Tue Oct 11 13:28:44 CEST 2022","Tue Oct 11 13:28:44 CEST 2022","415","","Create password page: Setting password, unhappy path","","Create password page: Setting password, unhappy path","When I re-enter ""Create.pass"" password","When I re-enter ""Create.pass"" password",""
"failed","Mon Oct 10 13:52:47 CEST 2022","Mon Oct 10 13:52:48 CEST 2022","485","","Create password page: Setting password, unhappy path","","Create password page: Setting password, unhappy path","Then Get an ""CONFIRM PASSWORD ERROR"" error type with error message: ""The password does meet the password policy requirements.""","Then Get an ""CONFIRM PASSWORD ERROR"" error type with error message: ""The password does meet the password policy requirements.""",""
"passed","Tue Oct 11 13:28:51 CEST 2022","Tue Oct 11 13:28:51 CEST 2022","460","","Create password page: Setting password, unhappy path","","Create password page: Setting password, unhappy path","And I enter ""Test.1"" password","And I enter ""Test.1"" password",""
"passed","Tue Oct 11 13:28:57 CEST 2022","Tue Oct 11 13:28:58 CEST 2022","342","","Create password page: Setting password, unhappy path","","Create password page: Setting password, unhappy path","Given I am on the emprising create password page","Given I am on the emprising create password page",""
"passed","Tue Oct 11 13:28:52 CEST 2022","Tue Oct 11 13:28:53 CEST 2022","478","","Create password page: Setting password, unhappy path","","Create password page: Setting password, unhappy path","And I enter ""CREATE.PASSWORD123"" password","And I enter ""CREATE.PASSWORD123"" password",""
"passed","Tue Oct 11 13:28:58 CEST 2022","Tue Oct 11 13:28:59 CEST 2022","381","","Create password page: Setting password, unhappy path","","Create password page: Setting password, unhappy path","And I click on create password button","And I click on create password button",""
"passed","Tue Oct 11 13:28:43 CEST 2022","Tue Oct 11 13:28:44 CEST 2022","553","","Create password page: Setting password, unhappy path","","Create password page: Setting password, unhappy path","And I enter ""Create.pass123"" password","And I enter ""Create.pass123"" password",""
"passed","Tue Oct 11 13:28:45 CEST 2022","Tue Oct 11 13:28:45 CEST 2022","386","","Create password page: Setting password, unhappy path","","Create password page: Setting password, unhappy path","Then Get an ""PASSWORD ERROR"" error type with error message: ""The password and confirmation password do not match.""","Then Get an ""PASSWORD ERROR"" error type with error message: ""The password and confirmation password do not match.""",""
"passed","Tue Oct 11 13:28:54 CEST 2022","Tue Oct 11 13:28:55 CEST 2022","348","","Create password page: Setting password, unhappy path","","Create password page: Setting password, unhappy path","And I enter ""create.pass123"" password","And I enter ""create.pass123"" password",""
"passed","Tue Oct 11 13:28:56 CEST 2022","Tue Oct 11 13:28:56 CEST 2022","373","","Create password page: Setting password, unhappy path","","Create password page: Setting password, unhappy path","And I enter ""Create.pass"" password","And I enter ""Create.pass"" password",""
"passed","Tue Oct 11 13:28:59 CEST 2022","Tue Oct 11 13:28:59 CEST 2022","130","","Create password page: Setting password, unhappy path","","Create password page: Setting password, unhappy path","Then Get an ""CONFIRM PASSWORD ERROR"" error type with error message: ""The password does not meet the password policy requirements.""","Then Get an ""CONFIRM PASSWORD ERROR"" error type with error message: ""The password does not meet the password policy requirements.""",""
"passed","Tue Oct 11 13:28:58 CEST 2022","Tue Oct 11 13:28:58 CEST 2022","290","","Create password page: Setting password, unhappy path","","Create password page: Setting password, unhappy path","When I re-enter """" password","When I re-enter """" password",""
"failed","Mon Oct 10 13:52:39 CEST 2022","Mon Oct 10 13:52:40 CEST 2022","445","","Create password page: Setting password, unhappy path","","Create password page: Setting password, unhappy path","Then Get an ""CONFIRM PASSWORD ERROR"" error type with error message: ""The Password fild is required.""","Then Get an ""CONFIRM PASSWORD ERROR"" error type with error message: ""The Password fild is required.""",""
"passed","Tue Oct 11 13:28:45 CEST 2022","Tue Oct 11 13:28:45 CEST 2022","286","","Create password page: Setting password, unhappy path","","Create password page: Setting password, unhappy path","And I should get an ""PASSWORD ERROR""","And I should get an ""PASSWORD ERROR""",""
"passed","Tue Oct 11 13:28:46 CEST 2022","Tue Oct 11 13:28:48 CEST 2022","1228","","Create password page: Setting password, unhappy path","","Create password page: Setting password, unhappy path","And I enter """" password","And I enter """" password",""
"passed","Tue Oct 11 13:28:58 CEST 2022","Tue Oct 11 13:28:58 CEST 2022","303","","Create password page: Setting password, unhappy path","","Create password page: Setting password, unhappy path","And I enter ""Createpass123"" password","And I enter ""Createpass123"" password",""
"passed","Tue Oct 11 13:28:50 CEST 2022","Tue Oct 11 13:28:50 CEST 2022","158","","Create password page: Setting password, unhappy path","","Create password page: Setting password, unhappy path","Then Get an ""CONFIRM PASSWORD ERROR"" error type with error message: ""The Password field is required.""","Then Get an ""CONFIRM PASSWORD ERROR"" error type with error message: ""The Password field is required.""",""
"passed","Tue Oct 11 13:28:59 CEST 2022","Tue Oct 11 13:28:59 CEST 2022","131","","Create password page: Setting password, unhappy path","","Create password page: Setting password, unhappy path","And I should get an ""CONFIRM PASSWORD ERROR""","And I should get an ""CONFIRM PASSWORD ERROR""",""
